/*
EXEC sp_generate_inserts @table_name = 'BBoard', @from='from BBoard order by BBoardCode'
EXEC sp_generate_inserts @table_name =  'BBMenuLink', @from='from BBMenuLink order by BBoardCode, BBLinkPath'
EXEC sp_generate_inserts @table_name =  'Param', @from='from Param order by BBoardCode, BBLinkPath, ParamOrderCode'

select * from Param order by [BBoardURL],[BBLinkPath],[ParamOrderCode]
SELECT * from BBMenuLink 
SELECT * from BBoard
*/

--INSERTs generated by 'sp_generate_inserts' stored procedure written by Vyas
--Build number: 22
--Problems/Suggestions? Contact Vyas @ vyaskn@hotmail.com
--http://vyaskn.tripod.com
 
SET NOCOUNT ON
 
 
PRINT 'Inserting values into [BBoard]'
INSERT INTO [BBoard] ([BBoardCode],[BBoardURL],[BBoardHTTPPort],[BBoardHTTPSPort],[BBoardProxyCode],[IsRegistered],[SharedSecret],[GUID],[ProxyState],[OnErrorServerTransfer],[RegisterHttpURL],[RegisterHttpsURL],[RegisterS2SURL],[RegisterActions],[BBoardHTTPSchema],[Comment]) VALUES('sdf sdfa1','NEW_URL111',801,4431,'pta_proxy','N',NULL,NULL,'unavailable',NULL,'Y','Y','N','Y','BOTH',NULL)
INSERT INTO [BBoard] ([BBoardCode],[BBoardURL],[BBoardHTTPPort],[BBoardHTTPSPort],[BBoardProxyCode],[IsRegistered],[SharedSecret],[GUID],[ProxyState],[OnErrorServerTransfer],[RegisterHttpURL],[RegisterHttpsURL],[RegisterS2SURL],[RegisterActions],[BBoardHTTPSchema],[Comment]) VALUES('TestServerPtaProxy','idlatest.com',80,443,'pta_proxy','Y','01c328c911744242b083f7b82a1ef80b','7f76c1ede9a346b0abec7c5ee4fe6b1e','available','/pta_proxy/ErrorPages/PtaSampleCustomErrPage.aspx','Y','N','N','Y','BOTH',NULL)
INSERT INTO [BBoard] ([BBoardCode],[BBoardURL],[BBoardHTTPPort],[BBoardHTTPSPort],[BBoardProxyCode],[IsRegistered],[SharedSecret],[GUID],[ProxyState],[OnErrorServerTransfer],[RegisterHttpURL],[RegisterHttpsURL],[RegisterS2SURL],[RegisterActions],[BBoardHTTPSchema],[Comment]) VALUES('TestServerPtaProxy2','idlatest.com',80,443,'pta_proxy2','Y','128b421055314ca69c340a4b5130d9ee','3716434e89aa45b59e96904817d88cab','available',NULL,'Y','N','N','Y','BOTH',NULL)
 
 
--INSERTs generated by 'sp_generate_inserts' stored procedure written by Vyas
--Build number: 22
--Problems/Suggestions? Contact Vyas @ vyaskn@hotmail.com
--http://vyaskn.tripod.com
 
SET NOCOUNT ON
 
 
PRINT 'Inserting values into [BBMenuLink]'
INSERT INTO [BBMenuLink] ([BBoardCode],[BBLinkPath],[BBLinkType],[BBLinkName],[BBLinkIconPath],[Enabled],[Comment]) VALUES('TestServerPtaProxy','course_tool1.aspx','course_tool','PTA Course Tool #1',NULL,'Y',NULL)
INSERT INTO [BBMenuLink] ([BBoardCode],[BBLinkPath],[BBLinkType],[BBLinkName],[BBLinkIconPath],[Enabled],[Comment]) VALUES('TestServerPtaProxy','course_tool2_full_test.aspx/some_additional/path/info','course_tool','PTA Course Tool #2 - Full Test',NULL,'Y',NULL)
INSERT INTO [BBMenuLink] ([BBoardCode],[BBLinkPath],[BBLinkType],[BBLinkName],[BBLinkIconPath],[Enabled],[Comment]) VALUES('TestServerPtaProxy','course_tool3_sproc_raise_test.aspx','course_tool','PTA Course Tool #3 - SProc Raise Test',NULL,'Y',NULL)
INSERT INTO [BBMenuLink] ([BBoardCode],[BBLinkPath],[BBLinkType],[BBLinkName],[BBLinkIconPath],[Enabled],[Comment]) VALUES('TestServerPtaProxy','course_tool4_disbled_link.aspx','course_tool','PTA Course Tool #4 - Disabled link, should not be shown',NULL,'N',NULL)
INSERT INTO [BBMenuLink] ([BBoardCode],[BBLinkPath],[BBLinkType],[BBLinkName],[BBLinkIconPath],[Enabled],[Comment]) VALUES('TestServerPtaProxy','course_tool5_server_transfer.aspx','course_tool','PTA Course Tool #5 - Server Transfer',NULL,'Y','Perform Server.Transfer')
INSERT INTO [BBMenuLink] ([BBoardCode],[BBLinkPath],[BBLinkType],[BBLinkName],[BBLinkIconPath],[Enabled],[Comment]) VALUES('TestServerPtaProxy','course_tool6_post_redirect.aspx','course_tool','PTA Course Tool #6 - Post Redirect',NULL,'Y',NULL)
INSERT INTO [BBMenuLink] ([BBoardCode],[BBLinkPath],[BBLinkType],[BBLinkName],[BBLinkIconPath],[Enabled],[Comment]) VALUES('TestServerPtaProxy','course_tool7_post_genform.aspx','course_tool','PTA Course Tool #7 - Post GenForm',NULL,'Y',NULL)
INSERT INTO [BBMenuLink] ([BBoardCode],[BBLinkPath],[BBLinkType],[BBLinkName],[BBLinkIconPath],[Enabled],[Comment]) VALUES('TestServerPtaProxy','course_tool8_aspnet_extensions.ascx','course_tool','PTA Course Tool #8 - .ascx extension',NULL,'Y',NULL)
INSERT INTO [BBMenuLink] ([BBoardCode],[BBLinkPath],[BBLinkType],[BBLinkName],[BBLinkIconPath],[Enabled],[Comment]) VALUES('TestServerPtaProxy','course_tool9_cyrillic_link.aspx','course_tool','PTA Course Tool #9 - cyrillic text: ?????',NULL,'Y',NULL)
INSERT INTO [BBMenuLink] ([BBoardCode],[BBLinkPath],[BBLinkType],[BBLinkName],[BBLinkIconPath],[Enabled],[Comment]) VALUES('TestServerPtaProxy','group_tool1_Transfer.aspx','tool','PTA Group Tool #1 - Transfer','/pta_proxy/img/test_icon_50x50.jpg','Y',NULL)
INSERT INTO [BBMenuLink] ([BBoardCode],[BBLinkPath],[BBLinkType],[BBLinkName],[BBLinkIconPath],[Enabled],[Comment]) VALUES('TestServerPtaProxy','system_tool1_Transfer.aspx','system_tool','PTA System Tool #1 - Transfer',NULL,'Y',NULL)
INSERT INTO [BBMenuLink] ([BBoardCode],[BBLinkPath],[BBLinkType],[BBLinkName],[BBLinkIconPath],[Enabled],[Comment]) VALUES('TestServerPtaProxy','tool1_Transfer.aspx','tool','PTA Tool #1 - Transfer',NULL,'Y',NULL)
INSERT INTO [BBMenuLink] ([BBoardCode],[BBLinkPath],[BBLinkType],[BBLinkName],[BBLinkIconPath],[Enabled],[Comment]) VALUES('TestServerPtaProxy','user_tool1_Transfer.aspx','user_tool','PTA User Tool #1 - Transfer','/pta_proxy/img/test_icon_12x12.jpg','Y',NULL)
INSERT INTO [BBMenuLink] ([BBoardCode],[BBLinkPath],[BBLinkType],[BBLinkName],[BBLinkIconPath],[Enabled],[Comment]) VALUES('TestServerPtaProxy2','course_tool3_sproc_raise_test.aspx','course_tool','PTA2 Course Tool #1 - SProc Raise Test without custom error page',NULL,'Y',NULL)
INSERT INTO [BBMenuLink] ([BBoardCode],[BBLinkPath],[BBLinkType],[BBLinkName],[BBLinkIconPath],[Enabled],[Comment]) VALUES('TestServerPtaProxy2','course_tool4_disbled_link.aspx','course_tool','PTA Course Tool #4 - Disabled link, should not be shown',NULL,'N',NULL)
INSERT INTO [BBMenuLink] ([BBoardCode],[BBLinkPath],[BBLinkType],[BBLinkName],[BBLinkIconPath],[Enabled],[Comment]) VALUES('TestServerPtaProxy2','system_tool1_Transfer.aspx','system_tool','PTA System Tool #1 - Pta2, Transfer',NULL,'Y',NULL)
 
 
--INSERTs generated by 'sp_generate_inserts' stored procedure written by Vyas
--Build number: 22
--Problems/Suggestions? Contact Vyas @ vyaskn@hotmail.com
--http://vyaskn.tripod.com
 
SET NOCOUNT ON
 
 
PRINT 'Inserting values into [Param]'
INSERT INTO [Param] ([BBoardCode],[BBLinkPath],[ParamTag],[ParamOrderCode],[ParamInputType],[ParamOutputType],[ParamInputTemplate],[ParamKey],[RegExp],[RegExpOperation],[RegExpReplaceString],[RegExpMatchGroup],[RegExpMatchCapture],[SProcName],[Comment]) VALUES('TestServerPtaProxy','course_tool1.aspx','{AppUrl}','010','Request.ApplicationPath','None',NULL,NULL,NULL,'Assign',NULL,NULL,NULL,NULL,NULL)
INSERT INTO [Param] ([BBoardCode],[BBLinkPath],[ParamTag],[ParamOrderCode],[ParamInputType],[ParamOutputType],[ParamInputTemplate],[ParamKey],[RegExp],[RegExpOperation],[RegExpReplaceString],[RegExpMatchGroup],[RegExpMatchCapture],[SProcName],[Comment]) VALUES('TestServerPtaProxy','course_tool1.aspx','{Response.Location}','050','Param.InputTemplate','Response.AppendHeader','{AppUrl}/TestRedirect/InfoTest.aspx','Location',NULL,'Assign',NULL,NULL,NULL,NULL,NULL)
INSERT INTO [Param] ([BBoardCode],[BBLinkPath],[ParamTag],[ParamOrderCode],[ParamInputType],[ParamOutputType],[ParamInputTemplate],[ParamKey],[RegExp],[RegExpOperation],[RegExpReplaceString],[RegExpMatchGroup],[RegExpMatchCapture],[SProcName],[Comment]) VALUES('TestServerPtaProxy','course_tool1.aspx','{Response.Status}','055','Param.InputTemplate','Response.Status','301 Found',NULL,NULL,'Assign',NULL,NULL,NULL,NULL,NULL)
INSERT INTO [Param] ([BBoardCode],[BBLinkPath],[ParamTag],[ParamOrderCode],[ParamInputType],[ParamOutputType],[ParamInputTemplate],[ParamKey],[RegExp],[RegExpOperation],[RegExpReplaceString],[RegExpMatchGroup],[RegExpMatchCapture],[SProcName],[Comment]) VALUES('TestServerPtaProxy','course_tool1.aspx','{HardCodedAuth}','060','Param.InputTemplate','FormsAuthentication.SetAuthCookie','testuser_123',NULL,NULL,'Assign',NULL,NULL,NULL,NULL,NULL)
INSERT INTO [Param] ([BBoardCode],[BBLinkPath],[ParamTag],[ParamOrderCode],[ParamInputType],[ParamOutputType],[ParamInputTemplate],[ParamKey],[RegExp],[RegExpOperation],[RegExpReplaceString],[RegExpMatchGroup],[RegExpMatchCapture],[SProcName],[Comment]) VALUES('TestServerPtaProxy','course_tool2_full_test.aspx/some_additional/path/info','{HostUrl}','010','Request.Url.ToString','Context.Session',NULL,'HostUrl','^[^:/\?#]+://[^/\?#]*','REMatch',NULL,0,0,NULL,'Test Request.Url.ToString and REMatch')
INSERT INTO [Param] ([BBoardCode],[BBLinkPath],[ParamTag],[ParamOrderCode],[ParamInputType],[ParamOutputType],[ParamInputTemplate],[ParamKey],[RegExp],[RegExpOperation],[RegExpReplaceString],[RegExpMatchGroup],[RegExpMatchCapture],[SProcName],[Comment]) VALUES('TestServerPtaProxy','course_tool2_full_test.aspx/some_additional/path/info','{IsAdminPrep1}','011','Request.Form','None',NULL,'userid',NULL,'Assign',NULL,NULL,NULL,NULL,'Prepare data for If-Then-Else Conditional')
INSERT INTO [Param] ([BBoardCode],[BBLinkPath],[ParamTag],[ParamOrderCode],[ParamInputType],[ParamOutputType],[ParamInputTemplate],[ParamKey],[RegExp],[RegExpOperation],[RegExpReplaceString],[RegExpMatchGroup],[RegExpMatchCapture],[SProcName],[Comment]) VALUES('TestServerPtaProxy','course_tool2_full_test.aspx/some_additional/path/info','{IsAdminPrep2}','012','Param.InputTemplate','Context.Session','{IsAdminPrep1}AdministratorRegular User','IsAdminPrep2',NULL,'Assign',NULL,NULL,NULL,NULL,'Prepare data for If-Then-Else Conditional')
INSERT INTO [Param] ([BBoardCode],[BBLinkPath],[ParamTag],[ParamOrderCode],[ParamInputType],[ParamOutputType],[ParamInputTemplate],[ParamKey],[RegExp],[RegExpOperation],[RegExpReplaceString],[RegExpMatchGroup],[RegExpMatchCapture],[SProcName],[Comment]) VALUES('TestServerPtaProxy','course_tool2_full_test.aspx/some_additional/path/info','{IsAdmin}','013','Param.InputTemplate','Context.Session','{IsAdminPrep2}','IsAdmin_DontWork','(?<=_1_1)Administrator.*','REMatch',NULL,0,0,NULL,'If-Then-Else Conditional in Regular Expression, could not make this sample working for now, http://www.regular-expressions.info/conditional.html')
INSERT INTO [Param] ([BBoardCode],[BBLinkPath],[ParamTag],[ParamOrderCode],[ParamInputType],[ParamOutputType],[ParamInputTemplate],[ParamKey],[RegExp],[RegExpOperation],[RegExpReplaceString],[RegExpMatchGroup],[RegExpMatchCapture],[SProcName],[Comment]) VALUES('TestServerPtaProxy','course_tool2_full_test.aspx/some_additional/path/info','{FilePath}','014','Request.FilePath','Context.Session',NULL,'FilePath',NULL,'Assign',NULL,NULL,NULL,NULL,NULL)
INSERT INTO [Param] ([BBoardCode],[BBLinkPath],[ParamTag],[ParamOrderCode],[ParamInputType],[ParamOutputType],[ParamInputTemplate],[ParamKey],[RegExp],[RegExpOperation],[RegExpReplaceString],[RegExpMatchGroup],[RegExpMatchCapture],[SProcName],[Comment]) VALUES('TestServerPtaProxy','course_tool2_full_test.aspx/some_additional/path/info','{PathInfo}','016','Request.PathInfo','Context.Session',NULL,'PathInfo',NULL,'Assign',NULL,NULL,NULL,NULL,NULL)
INSERT INTO [Param] ([BBoardCode],[BBLinkPath],[ParamTag],[ParamOrderCode],[ParamInputType],[ParamOutputType],[ParamInputTemplate],[ParamKey],[RegExp],[RegExpOperation],[RegExpReplaceString],[RegExpMatchGroup],[RegExpMatchCapture],[SProcName],[Comment]) VALUES('TestServerPtaProxy','course_tool2_full_test.aspx/some_additional/path/info','{AppPath}','020','Request.ApplicationPath','Context.Session',NULL,'AppPath',NULL,'Assign',NULL,NULL,NULL,NULL,'Get Request.ApplicationPath')
INSERT INTO [Param] ([BBoardCode],[BBLinkPath],[ParamTag],[ParamOrderCode],[ParamInputType],[ParamOutputType],[ParamInputTemplate],[ParamKey],[RegExp],[RegExpOperation],[RegExpReplaceString],[RegExpMatchGroup],[RegExpMatchCapture],[SProcName],[Comment]) VALUES('TestServerPtaProxy','course_tool2_full_test.aspx/some_additional/path/info','{ProxyPath}','025','ProxyPath','Context.Session',NULL,'ProxyPath',NULL,'Assign',NULL,NULL,NULL,NULL,NULL)
INSERT INTO [Param] ([BBoardCode],[BBLinkPath],[ParamTag],[ParamOrderCode],[ParamInputType],[ParamOutputType],[ParamInputTemplate],[ParamKey],[RegExp],[RegExpOperation],[RegExpReplaceString],[RegExpMatchGroup],[RegExpMatchCapture],[SProcName],[Comment]) VALUES('TestServerPtaProxy','course_tool2_full_test.aspx/some_additional/path/info','{ProxyLinkPath}','030','ProxyLinkPath','Context.Session',NULL,'ProxyLinkPath',NULL,'Assign',NULL,NULL,NULL,NULL,'Get ProxyLinkPath')
INSERT INTO [Param] ([BBoardCode],[BBLinkPath],[ParamTag],[ParamOrderCode],[ParamInputType],[ParamOutputType],[ParamInputTemplate],[ParamKey],[RegExp],[RegExpOperation],[RegExpReplaceString],[RegExpMatchGroup],[RegExpMatchCapture],[SProcName],[Comment]) VALUES('TestServerPtaProxy','course_tool2_full_test.aspx/some_additional/path/info','{ProxyLinkType}','040','ProxyLinkType','Context.Session',NULL,'ProxyLinkType',NULL,'Assign',NULL,NULL,NULL,NULL,'Get ProxyLinkType')
INSERT INTO [Param] ([BBoardCode],[BBLinkPath],[ParamTag],[ParamOrderCode],[ParamInputType],[ParamOutputType],[ParamInputTemplate],[ParamKey],[RegExp],[RegExpOperation],[RegExpReplaceString],[RegExpMatchGroup],[RegExpMatchCapture],[SProcName],[Comment]) VALUES('TestServerPtaProxy','course_tool2_full_test.aspx/some_additional/path/info','{ReturnURL}','050','Request.Form','Context.Session',NULL,'returnurl',NULL,'Assign',NULL,NULL,NULL,NULL,'Get Request.Form["returnurl"]')
INSERT INTO [Param] ([BBoardCode],[BBLinkPath],[ParamTag],[ParamOrderCode],[ParamInputType],[ParamOutputType],[ParamInputTemplate],[ParamKey],[RegExp],[RegExpOperation],[RegExpReplaceString],[RegExpMatchGroup],[RegExpMatchCapture],[SProcName],[Comment]) VALUES('TestServerPtaProxy','course_tool2_full_test.aspx/some_additional/path/info','{UserId}','052','Request.Form','Context.Session',NULL,'userid',NULL,'Assign',NULL,NULL,NULL,NULL,'Get Request.Form["userid"]')
INSERT INTO [Param] ([BBoardCode],[BBLinkPath],[ParamTag],[ParamOrderCode],[ParamInputType],[ParamOutputType],[ParamInputTemplate],[ParamKey],[RegExp],[RegExpOperation],[RegExpReplaceString],[RegExpMatchGroup],[RegExpMatchCapture],[SProcName],[Comment]) VALUES('TestServerPtaProxy','course_tool2_full_test.aspx/some_additional/path/info','{UserId_items}','053','Request.Form','Context.Items',NULL,'userid_items',NULL,'Assign',NULL,NULL,NULL,NULL,'Get Request.Form["userid"]')
INSERT INTO [Param] ([BBoardCode],[BBLinkPath],[ParamTag],[ParamOrderCode],[ParamInputType],[ParamOutputType],[ParamInputTemplate],[ParamKey],[RegExp],[RegExpOperation],[RegExpReplaceString],[RegExpMatchGroup],[RegExpMatchCapture],[SProcName],[Comment]) VALUES('TestServerPtaProxy','course_tool2_full_test.aspx/some_additional/path/info','{TCRole}','054','Request.Form','Context.Session',NULL,'tcrole',NULL,'Assign',NULL,NULL,NULL,NULL,'Get Request.Form["tcrole"]')
INSERT INTO [Param] ([BBoardCode],[BBLinkPath],[ParamTag],[ParamOrderCode],[ParamInputType],[ParamOutputType],[ParamInputTemplate],[ParamKey],[RegExp],[RegExpOperation],[RegExpReplaceString],[RegExpMatchGroup],[RegExpMatchCapture],[SProcName],[Comment]) VALUES('TestServerPtaProxy','course_tool2_full_test.aspx/some_additional/path/info','{CourseId}','056','Request.Form','Context.Session',NULL,'course_id','(.+)','REReplace','my_course_prefix_$1',NULL,NULL,NULL,'Get Request.Form["course_id"]')
INSERT INTO [Param] ([BBoardCode],[BBLinkPath],[ParamTag],[ParamOrderCode],[ParamInputType],[ParamOutputType],[ParamInputTemplate],[ParamKey],[RegExp],[RegExpOperation],[RegExpReplaceString],[RegExpMatchGroup],[RegExpMatchCapture],[SProcName],[Comment]) VALUES('TestServerPtaProxy','course_tool2_full_test.aspx/some_additional/path/info','{InputStream}','060','Request.InputStream','Context.Session',NULL,NULL,NULL,'Assign',NULL,NULL,NULL,NULL,'Get Request.InputStream')
INSERT INTO [Param] ([BBoardCode],[BBLinkPath],[ParamTag],[ParamOrderCode],[ParamInputType],[ParamOutputType],[ParamInputTemplate],[ParamKey],[RegExp],[RegExpOperation],[RegExpReplaceString],[RegExpMatchGroup],[RegExpMatchCapture],[SProcName],[Comment]) VALUES('TestServerPtaProxy','course_tool2_full_test.aspx/some_additional/path/info','{SProcCall}','100','SProcCall','FormsAuthentication.SetAuthCookie','{UserId}, {CourseId}, {TCRole}','UserName',NULL,'Assign',NULL,NULL,NULL,'TestAuthSProc','Get SProcCall')
INSERT INTO [Param] ([BBoardCode],[BBLinkPath],[ParamTag],[ParamOrderCode],[ParamInputType],[ParamOutputType],[ParamInputTemplate],[ParamKey],[RegExp],[RegExpOperation],[RegExpReplaceString],[RegExpMatchGroup],[RegExpMatchCapture],[SProcName],[Comment]) VALUES('TestServerPtaProxy','course_tool2_full_test.aspx/some_additional/path/info','{Response.Output}','110','Param.InputTemplate','Response.Output','UserId: {UserId}; CourseId: {CourseId}; TCRole: {TCRole}',NULL,NULL,'Assign',NULL,NULL,NULL,'TestAuthSProc','Assign Param.InputTemplate to Response.Output')
INSERT INTO [Param] ([BBoardCode],[BBLinkPath],[ParamTag],[ParamOrderCode],[ParamInputType],[ParamOutputType],[ParamInputTemplate],[ParamKey],[RegExp],[RegExpOperation],[RegExpReplaceString],[RegExpMatchGroup],[RegExpMatchCapture],[SProcName],[Comment]) VALUES('TestServerPtaProxy','course_tool2_full_test.aspx/some_additional/path/info','{Response.Location}','210','Param.InputTemplate','Response.AppendHeader','{HostUrl}{AppPath}/TestRedirect/InfoTest.aspx?UserId={UserId}&CourseId={CourseId}','Location',NULL,'Assign',NULL,NULL,NULL,NULL,'Set redirect location')
INSERT INTO [Param] ([BBoardCode],[BBLinkPath],[ParamTag],[ParamOrderCode],[ParamInputType],[ParamOutputType],[ParamInputTemplate],[ParamKey],[RegExp],[RegExpOperation],[RegExpReplaceString],[RegExpMatchGroup],[RegExpMatchCapture],[SProcName],[Comment]) VALUES('TestServerPtaProxy','course_tool2_full_test.aspx/some_additional/path/info','{Response.Status}','220','Param.InputTemplate','Response.Status','301 Found',NULL,NULL,'Assign',NULL,NULL,NULL,NULL,'Set redirect status code')
INSERT INTO [Param] ([BBoardCode],[BBLinkPath],[ParamTag],[ParamOrderCode],[ParamInputType],[ParamOutputType],[ParamInputTemplate],[ParamKey],[RegExp],[RegExpOperation],[RegExpReplaceString],[RegExpMatchGroup],[RegExpMatchCapture],[SProcName],[Comment]) VALUES('TestServerPtaProxy','course_tool3_sproc_raise_test.aspx','{TestRaiseSProc}','010','SProcCall','None','',NULL,NULL,'Assign',NULL,NULL,NULL,'TestRaiseSProc','Call stored procedure raising an error')
INSERT INTO [Param] ([BBoardCode],[BBLinkPath],[ParamTag],[ParamOrderCode],[ParamInputType],[ParamOutputType],[ParamInputTemplate],[ParamKey],[RegExp],[RegExpOperation],[RegExpReplaceString],[RegExpMatchGroup],[RegExpMatchCapture],[SProcName],[Comment]) VALUES('TestServerPtaProxy','course_tool4_disbled_link.aspx','{TestRaiseSProc}','010','SProcCall','None','',NULL,NULL,'Assign',NULL,NULL,NULL,'TestRaiseSProc','Call stored procedure raising an error')
INSERT INTO [Param] ([BBoardCode],[BBLinkPath],[ParamTag],[ParamOrderCode],[ParamInputType],[ParamOutputType],[ParamInputTemplate],[ParamKey],[RegExp],[RegExpOperation],[RegExpReplaceString],[RegExpMatchGroup],[RegExpMatchCapture],[SProcName],[Comment]) VALUES('TestServerPtaProxy','course_tool5_server_transfer.aspx','{AppPath}','010','Request.ApplicationPath','Context.Session',NULL,'AppPath',NULL,'Assign',NULL,NULL,NULL,NULL,NULL)
INSERT INTO [Param] ([BBoardCode],[BBLinkPath],[ParamTag],[ParamOrderCode],[ParamInputType],[ParamOutputType],[ParamInputTemplate],[ParamKey],[RegExp],[RegExpOperation],[RegExpReplaceString],[RegExpMatchGroup],[RegExpMatchCapture],[SProcName],[Comment]) VALUES('TestServerPtaProxy','course_tool5_server_transfer.aspx','{AppPath1}','020','Param.InputTemplate','Context.Items','{AppPath}','AppPath',NULL,'Assign',NULL,NULL,NULL,NULL,NULL)
INSERT INTO [Param] ([BBoardCode],[BBLinkPath],[ParamTag],[ParamOrderCode],[ParamInputType],[ParamOutputType],[ParamInputTemplate],[ParamKey],[RegExp],[RegExpOperation],[RegExpReplaceString],[RegExpMatchGroup],[RegExpMatchCapture],[SProcName],[Comment]) VALUES('TestServerPtaProxy','course_tool5_server_transfer.aspx','{Server.Transfer}','030','Param.InputTemplate','Server.Transfer','{AppPath}/TestRedirect/InfoTest.aspx',NULL,NULL,'Assign',NULL,NULL,NULL,NULL,NULL)
INSERT INTO [Param] ([BBoardCode],[BBLinkPath],[ParamTag],[ParamOrderCode],[ParamInputType],[ParamOutputType],[ParamInputTemplate],[ParamKey],[RegExp],[RegExpOperation],[RegExpReplaceString],[RegExpMatchGroup],[RegExpMatchCapture],[SProcName],[Comment]) VALUES('TestServerPtaProxy','course_tool6_post_redirect.aspx','{AppPath}','010','Request.ApplicationPath','Context.Session',NULL,'AppPath',NULL,'Assign',NULL,NULL,NULL,NULL,NULL)
INSERT INTO [Param] ([BBoardCode],[BBLinkPath],[ParamTag],[ParamOrderCode],[ParamInputType],[ParamOutputType],[ParamInputTemplate],[ParamKey],[RegExp],[RegExpOperation],[RegExpReplaceString],[RegExpMatchGroup],[RegExpMatchCapture],[SProcName],[Comment]) VALUES('TestServerPtaProxy','course_tool6_post_redirect.aspx','{Body}','020','Request.InputStream','Response.Output',NULL,NULL,NULL,'Assign',NULL,NULL,NULL,NULL,NULL)
INSERT INTO [Param] ([BBoardCode],[BBLinkPath],[ParamTag],[ParamOrderCode],[ParamInputType],[ParamOutputType],[ParamInputTemplate],[ParamKey],[RegExp],[RegExpOperation],[RegExpReplaceString],[RegExpMatchGroup],[RegExpMatchCapture],[SProcName],[Comment]) VALUES('TestServerPtaProxy','course_tool6_post_redirect.aspx','{Location}','030','Param.InputTemplate','Response.AppendHeader','{AppPath}/TestRedirect/InfoTest.aspx','Location',NULL,'Assign',NULL,NULL,NULL,NULL,NULL)
INSERT INTO [Param] ([BBoardCode],[BBLinkPath],[ParamTag],[ParamOrderCode],[ParamInputType],[ParamOutputType],[ParamInputTemplate],[ParamKey],[RegExp],[RegExpOperation],[RegExpReplaceString],[RegExpMatchGroup],[RegExpMatchCapture],[SProcName],[Comment]) VALUES('TestServerPtaProxy','course_tool6_post_redirect.aspx','{Status}','040','Param.InputTemplate','Response.Status','307 Temporary Redirect',NULL,NULL,'Assign',NULL,NULL,NULL,NULL,NULL)
INSERT INTO [Param] ([BBoardCode],[BBLinkPath],[ParamTag],[ParamOrderCode],[ParamInputType],[ParamOutputType],[ParamInputTemplate],[ParamKey],[RegExp],[RegExpOperation],[RegExpReplaceString],[RegExpMatchGroup],[RegExpMatchCapture],[SProcName],[Comment]) VALUES('TestServerPtaProxy','course_tool7_post_genform.aspx','{AppPath}','005','Request.ApplicationPath','None',NULL,NULL,NULL,'Assign',NULL,NULL,NULL,NULL,NULL)
INSERT INTO [Param] ([BBoardCode],[BBLinkPath],[ParamTag],[ParamOrderCode],[ParamInputType],[ParamOutputType],[ParamInputTemplate],[ParamKey],[RegExp],[RegExpOperation],[RegExpReplaceString],[RegExpMatchGroup],[RegExpMatchCapture],[SProcName],[Comment]) VALUES('TestServerPtaProxy','course_tool7_post_genform.aspx','{PostBody}','010','Param.InputTemplate','Response.Output','<form id="PostForm" name="PostForm" action="{AppPath}/TestRedirect/InfoTest.aspx" method="POST">
<input type="hidden" name="HiddenFormKey" value="form_value_123"/>
<input type = "submit" name="SubmitName" value="Press this button if not redirected automatically" /> 
</form>
<script language=''javascript''>
var vPostForm = document.PostForm;
 setTimeout("vPostForm.submit()", 2250);
</script>',NULL,NULL,'Assign',NULL,NULL,NULL,NULL,NULL)
INSERT INTO [Param] ([BBoardCode],[BBLinkPath],[ParamTag],[ParamOrderCode],[ParamInputType],[ParamOutputType],[ParamInputTemplate],[ParamKey],[RegExp],[RegExpOperation],[RegExpReplaceString],[RegExpMatchGroup],[RegExpMatchCapture],[SProcName],[Comment]) VALUES('TestServerPtaProxy','course_tool8_aspnet_extensions.ascx','{AppPath}','010','Request.ApplicationPath','Context.Session',NULL,'AppPath',NULL,'Assign',NULL,NULL,NULL,NULL,NULL)
INSERT INTO [Param] ([BBoardCode],[BBLinkPath],[ParamTag],[ParamOrderCode],[ParamInputType],[ParamOutputType],[ParamInputTemplate],[ParamKey],[RegExp],[RegExpOperation],[RegExpReplaceString],[RegExpMatchGroup],[RegExpMatchCapture],[SProcName],[Comment]) VALUES('TestServerPtaProxy','course_tool8_aspnet_extensions.ascx','{AppPath1}','020','Param.InputTemplate','Context.Items','{AppPath}','AppPath',NULL,'Assign',NULL,NULL,NULL,NULL,NULL)
INSERT INTO [Param] ([BBoardCode],[BBLinkPath],[ParamTag],[ParamOrderCode],[ParamInputType],[ParamOutputType],[ParamInputTemplate],[ParamKey],[RegExp],[RegExpOperation],[RegExpReplaceString],[RegExpMatchGroup],[RegExpMatchCapture],[SProcName],[Comment]) VALUES('TestServerPtaProxy','course_tool8_aspnet_extensions.ascx','{Server.Transfer}','030','Param.InputTemplate','Server.Transfer','{AppPath}/TestRedirect/InfoTest.aspx',NULL,NULL,'Assign',NULL,NULL,NULL,NULL,NULL)
INSERT INTO [Param] ([BBoardCode],[BBLinkPath],[ParamTag],[ParamOrderCode],[ParamInputType],[ParamOutputType],[ParamInputTemplate],[ParamKey],[RegExp],[RegExpOperation],[RegExpReplaceString],[RegExpMatchGroup],[RegExpMatchCapture],[SProcName],[Comment]) VALUES('TestServerPtaProxy','course_tool9_cyrillic_link.aspx','{AppPath}','010','Request.ApplicationPath','Context.Session',NULL,'AppPath',NULL,'Assign',NULL,NULL,NULL,NULL,NULL)
INSERT INTO [Param] ([BBoardCode],[BBLinkPath],[ParamTag],[ParamOrderCode],[ParamInputType],[ParamOutputType],[ParamInputTemplate],[ParamKey],[RegExp],[RegExpOperation],[RegExpReplaceString],[RegExpMatchGroup],[RegExpMatchCapture],[SProcName],[Comment]) VALUES('TestServerPtaProxy','course_tool9_cyrillic_link.aspx','{Server.Transfer}','030','Param.InputTemplate','Server.Transfer','{AppPath}/TestRedirect/InfoTest.aspx',NULL,NULL,'Assign',NULL,NULL,NULL,NULL,NULL)
INSERT INTO [Param] ([BBoardCode],[BBLinkPath],[ParamTag],[ParamOrderCode],[ParamInputType],[ParamOutputType],[ParamInputTemplate],[ParamKey],[RegExp],[RegExpOperation],[RegExpReplaceString],[RegExpMatchGroup],[RegExpMatchCapture],[SProcName],[Comment]) VALUES('TestServerPtaProxy','group_tool1_Transfer.aspx','{AppPath}','010','Request.ApplicationPath','Context.Session',NULL,'AppPath',NULL,'Assign',NULL,NULL,NULL,NULL,NULL)
INSERT INTO [Param] ([BBoardCode],[BBLinkPath],[ParamTag],[ParamOrderCode],[ParamInputType],[ParamOutputType],[ParamInputTemplate],[ParamKey],[RegExp],[RegExpOperation],[RegExpReplaceString],[RegExpMatchGroup],[RegExpMatchCapture],[SProcName],[Comment]) VALUES('TestServerPtaProxy','group_tool1_Transfer.aspx','{Server.Transfer}','030','Param.InputTemplate','Server.Transfer','{AppPath}/TestRedirect/InfoTest.aspx',NULL,NULL,'Assign',NULL,NULL,NULL,NULL,NULL)
INSERT INTO [Param] ([BBoardCode],[BBLinkPath],[ParamTag],[ParamOrderCode],[ParamInputType],[ParamOutputType],[ParamInputTemplate],[ParamKey],[RegExp],[RegExpOperation],[RegExpReplaceString],[RegExpMatchGroup],[RegExpMatchCapture],[SProcName],[Comment]) VALUES('TestServerPtaProxy','system_tool1_Transfer.aspx','{AppPath}','010','Request.ApplicationPath','Context.Session',NULL,'AppPath',NULL,'Assign',NULL,NULL,NULL,NULL,NULL)
INSERT INTO [Param] ([BBoardCode],[BBLinkPath],[ParamTag],[ParamOrderCode],[ParamInputType],[ParamOutputType],[ParamInputTemplate],[ParamKey],[RegExp],[RegExpOperation],[RegExpReplaceString],[RegExpMatchGroup],[RegExpMatchCapture],[SProcName],[Comment]) VALUES('TestServerPtaProxy','system_tool1_Transfer.aspx','{FullUrl}','017','Request.Url.ToString','Context.Session',NULL,'FullUrl',NULL,'Assign',NULL,NULL,NULL,NULL,NULL)
INSERT INTO [Param] ([BBoardCode],[BBLinkPath],[ParamTag],[ParamOrderCode],[ParamInputType],[ParamOutputType],[ParamInputTemplate],[ParamKey],[RegExp],[RegExpOperation],[RegExpReplaceString],[RegExpMatchGroup],[RegExpMatchCapture],[SProcName],[Comment]) VALUES('TestServerPtaProxy','system_tool1_Transfer.aspx','{AppPath1}','020','Param.InputTemplate','Context.Items','{AppPath}','AppPath',NULL,'Assign',NULL,NULL,NULL,NULL,NULL)
INSERT INTO [Param] ([BBoardCode],[BBLinkPath],[ParamTag],[ParamOrderCode],[ParamInputType],[ParamOutputType],[ParamInputTemplate],[ParamKey],[RegExp],[RegExpOperation],[RegExpReplaceString],[RegExpMatchGroup],[RegExpMatchCapture],[SProcName],[Comment]) VALUES('TestServerPtaProxy','system_tool1_Transfer.aspx','{Server.Transfer}','030','Param.InputTemplate','Server.Transfer','{AppPath}/TestRedirect/InfoTest.aspx',NULL,NULL,'Assign',NULL,NULL,NULL,NULL,NULL)
INSERT INTO [Param] ([BBoardCode],[BBLinkPath],[ParamTag],[ParamOrderCode],[ParamInputType],[ParamOutputType],[ParamInputTemplate],[ParamKey],[RegExp],[RegExpOperation],[RegExpReplaceString],[RegExpMatchGroup],[RegExpMatchCapture],[SProcName],[Comment]) VALUES('TestServerPtaProxy','tool1_Transfer.aspx','{AppPath}','010','Request.ApplicationPath','Context.Session',NULL,'AppPath',NULL,'Assign',NULL,NULL,NULL,NULL,NULL)
INSERT INTO [Param] ([BBoardCode],[BBLinkPath],[ParamTag],[ParamOrderCode],[ParamInputType],[ParamOutputType],[ParamInputTemplate],[ParamKey],[RegExp],[RegExpOperation],[RegExpReplaceString],[RegExpMatchGroup],[RegExpMatchCapture],[SProcName],[Comment]) VALUES('TestServerPtaProxy','tool1_Transfer.aspx','{Server.Transfer}','030','Param.InputTemplate','Server.Transfer','{AppPath}/TestRedirect/InfoTest.aspx',NULL,NULL,'Assign',NULL,NULL,NULL,NULL,NULL)
INSERT INTO [Param] ([BBoardCode],[BBLinkPath],[ParamTag],[ParamOrderCode],[ParamInputType],[ParamOutputType],[ParamInputTemplate],[ParamKey],[RegExp],[RegExpOperation],[RegExpReplaceString],[RegExpMatchGroup],[RegExpMatchCapture],[SProcName],[Comment]) VALUES('TestServerPtaProxy','user_tool1_Transfer.aspx','{AppPath}','010','Request.ApplicationPath','Context.Session',NULL,'AppPath',NULL,'Assign',NULL,NULL,NULL,NULL,NULL)
INSERT INTO [Param] ([BBoardCode],[BBLinkPath],[ParamTag],[ParamOrderCode],[ParamInputType],[ParamOutputType],[ParamInputTemplate],[ParamKey],[RegExp],[RegExpOperation],[RegExpReplaceString],[RegExpMatchGroup],[RegExpMatchCapture],[SProcName],[Comment]) VALUES('TestServerPtaProxy','user_tool1_Transfer.aspx','{Server.Transfer}','030','Param.InputTemplate','Server.Transfer','{AppPath}/TestRedirect/InfoTest.aspx',NULL,NULL,'Assign',NULL,NULL,NULL,NULL,NULL)
INSERT INTO [Param] ([BBoardCode],[BBLinkPath],[ParamTag],[ParamOrderCode],[ParamInputType],[ParamOutputType],[ParamInputTemplate],[ParamKey],[RegExp],[RegExpOperation],[RegExpReplaceString],[RegExpMatchGroup],[RegExpMatchCapture],[SProcName],[Comment]) VALUES('TestServerPtaProxy2','course_tool3_sproc_raise_test.aspx','{TestRaiseSProc}','010','SProcCall','None','',NULL,NULL,'Assign',NULL,NULL,NULL,'TestRaiseSProc','Call stored procedure raising an error')
INSERT INTO [Param] ([BBoardCode],[BBLinkPath],[ParamTag],[ParamOrderCode],[ParamInputType],[ParamOutputType],[ParamInputTemplate],[ParamKey],[RegExp],[RegExpOperation],[RegExpReplaceString],[RegExpMatchGroup],[RegExpMatchCapture],[SProcName],[Comment]) VALUES('TestServerPtaProxy2','course_tool4_disbled_link.aspx','{TestRaiseSProc}','010','SProcCall','None','',NULL,NULL,'Assign',NULL,NULL,NULL,'TestRaiseSProc','Call stored procedure raising an error')
INSERT INTO [Param] ([BBoardCode],[BBLinkPath],[ParamTag],[ParamOrderCode],[ParamInputType],[ParamOutputType],[ParamInputTemplate],[ParamKey],[RegExp],[RegExpOperation],[RegExpReplaceString],[RegExpMatchGroup],[RegExpMatchCapture],[SProcName],[Comment]) VALUES('TestServerPtaProxy2','system_tool1_Transfer.aspx','{AppPath}','010','Request.ApplicationPath','Context.Session',NULL,'AppPath',NULL,'Assign',NULL,NULL,NULL,NULL,NULL)
INSERT INTO [Param] ([BBoardCode],[BBLinkPath],[ParamTag],[ParamOrderCode],[ParamInputType],[ParamOutputType],[ParamInputTemplate],[ParamKey],[RegExp],[RegExpOperation],[RegExpReplaceString],[RegExpMatchGroup],[RegExpMatchCapture],[SProcName],[Comment]) VALUES('TestServerPtaProxy2','system_tool1_Transfer.aspx','{FullUrl}','017','Request.Url.ToString','Context.Session',NULL,'FullUrl',NULL,'Assign',NULL,NULL,NULL,NULL,NULL)
INSERT INTO [Param] ([BBoardCode],[BBLinkPath],[ParamTag],[ParamOrderCode],[ParamInputType],[ParamOutputType],[ParamInputTemplate],[ParamKey],[RegExp],[RegExpOperation],[RegExpReplaceString],[RegExpMatchGroup],[RegExpMatchCapture],[SProcName],[Comment]) VALUES('TestServerPtaProxy2','system_tool1_Transfer.aspx','{AppPath1}','020','Param.InputTemplate','Context.Items','{AppPath}','AppPath',NULL,'Assign',NULL,NULL,NULL,NULL,NULL)
INSERT INTO [Param] ([BBoardCode],[BBLinkPath],[ParamTag],[ParamOrderCode],[ParamInputType],[ParamOutputType],[ParamInputTemplate],[ParamKey],[RegExp],[RegExpOperation],[RegExpReplaceString],[RegExpMatchGroup],[RegExpMatchCapture],[SProcName],[Comment]) VALUES('TestServerPtaProxy2','system_tool1_Transfer.aspx','{Server.Transfer}','030','Param.InputTemplate','Server.Transfer','{AppPath}/TestRedirect/InfoTest.aspx',NULL,NULL,'Assign',NULL,NULL,NULL,NULL,NULL)
 
 
